{"cameraMode":{"drawMode":0,"name":"Shaded","section":"Shading Mode"},"sceneLighting":true,"audioPlay":false,"sceneViewState":{"showFog":true,"showMaterialUpdate":false,"showSkybox":true,"showFlares":true,"showImageEffects":true,"showParticleSystems":true},"in2DMode":false,"pivot":{"x":-40.430755615234378,"y":532.0891723632813,"z":558.3801879882813},"rotation":{"x":-0.01926896907389164,"y":0.9747787117958069,"z":-0.2019648551940918,"w":-0.09298095852136612},"size":2139.306884765625,"orthographic":true}